{
  "best_model": "LogisticRegression",
  "features": [
    "age",
    "sex",
    "cp",
    "trestbps",
    "chol",
    "fbs",
    "restecg",
    "thalach",
    "exang",
    "oldpeak",
    "slope",
    "ca",
    "thal"
  ],
  "models": {
    "LogisticRegression": {
      "accuracy": 0.8852459016393442,
      "precision": 0.8620689655172413,
      "recall": 0.8928571428571429,
      "f1": 0.8771929824561403,
      "roc_auc": 0.9642857142857143
    },
    "RandomForest": {
      "accuracy": 0.8852459016393442,
      "precision": 0.8387096774193549,
      "recall": 0.9285714285714286,
      "f1": 0.8813559322033898,
      "roc_auc": 0.9556277056277057
    },
    "GradientBoosting": {
      "accuracy": 0.8360655737704918,
      "precision": 0.875,
      "recall": 0.75,
      "f1": 0.8076923076923077,
      "roc_auc": 0.9177489177489178
    }
  }
}